{"cameraMode":{"drawMode":0,"name":"Shaded","section":"Shading Mode"},"sceneLighting":false,"audioPlay":false,"sceneViewState":{"showFog":true,"showMaterialUpdate":false,"showSkybox":false,"showFlares":true,"showImageEffects":true,"showParticleSystems":true},"in2DMode":false,"pivot":{"x":0.195068359375,"y":0.1031494140625,"z":0.16650390625},"rotation":{"x":0.0018307326827198268,"y":-0.6457488536834717,"z":0.001548864645883441,"w":0.7635560631752014},"size":1.6535829305648804,"orthographic":true}