{"cameraMode":{"drawMode":0,"name":"Shaded","section":"Shading Mode"},"sceneLighting":true,"audioPlay":false,"sceneViewState":{"showFog":true,"showMaterialUpdate":false,"showSkybox":true,"showFlares":true,"showImageEffects":true,"showParticleSystems":true},"in2DMode":false,"pivot":{"x":574.026123046875,"y":79.10009765625,"z":223.05712890625},"rotation":{"x":0.059810571372509,"y":0.18458682298660279,"z":-0.011254793964326382,"w":0.9809311032295227},"size":5.081826210021973,"orthographic":true}