{"cameraMode":{"drawMode":0,"name":"Shaded","section":"Shading Mode"},"sceneLighting":true,"audioPlay":false,"sceneViewState":{"showFog":true,"showMaterialUpdate":false,"showSkybox":true,"showFlares":true,"showImageEffects":true,"showParticleSystems":true},"in2DMode":false,"pivot":{"x":326.08282470703127,"y":62.60624313354492,"z":594.2156372070313},"rotation":{"x":0.18023046851158143,"y":-0.20632928609848023,"z":0.038697417825460437,"w":0.9609619975090027},"size":5.525333881378174,"orthographic":true}