{"cameraMode":{"drawMode":0,"name":"Shaded","section":"Shading Mode"},"sceneLighting":true,"audioPlay":false,"sceneViewState":{"showFog":true,"showMaterialUpdate":false,"showSkybox":true,"showFlares":true,"showImageEffects":true,"showParticleSystems":true},"in2DMode":false,"pivot":{"x":554.2522583007813,"y":-174.0,"z":109.52986907958985},"rotation":{"x":0.18209844827651978,"y":0.08983172476291657,"z":-0.01670866087079048,"w":0.9790259599685669},"size":1121.8875732421875,"orthographic":true}