{"cameraMode":{"drawMode":0,"name":"Shaded","section":"Shading Mode"},"sceneLighting":true,"audioPlay":false,"sceneViewState":{"showFog":true,"showMaterialUpdate":true,"showSkybox":true,"showFlares":true,"showImageEffects":true,"showParticleSystems":true},"in2DMode":false,"pivot":{"x":390.77099609375,"y":21.24517822265625,"z":722.6888427734375},"rotation":{"x":0.2480543702840805,"y":-0.4813835620880127,"z":0.1441754549741745,"w":0.8282227516174316},"size":1063.171875,"orthographic":false}